Workbook
Name Slicer_Month_Name: #N/A
Name Slicer_Station_Name: #N/A

Sheet Dashboard
B1: Daily Details | J1: Weather Charts
A3: Selected Date | B3: 43831
A5: Max Temp | B5: Min Temp | C5: Rainfall | D5: Weather Type
A6: =INDEX(WeatherData!I:I, MATCH(B3, WeatherData!F:F, 0)) -> 23.9 | B6: =INDEX(WeatherData!J:J, MATCH(B3, WeatherData!F:F, 0)) -> 12 | C6: =INDEX(WeatherData!H:H, MATCH(B3, WeatherData!F:F, 0)) -> 0 | D6: =VLOOKUP(B3,WeatherData!F:L,7, FALSE) -> Normal
A10: Month Details
C11: Month | F11: Station
A17: Max Temp | C17: Min Temp | E17: Total Rainfall | F17: Temp Fluctuation | G17: Monthly Heatwaves
A18: Highest | B18: Average | C18: Lowest | D18: Average
A19: =GETPIVOTDATA("Max Temp",MonthDetails!$A$5, "Month Name", MonthDetails!$G$6) -> 33 | B19: =AVERAGEIF(WeatherData!G:G, MonthDetails!G6,WeatherData!I:I) -> 24.977586 | C19: =GETPIVOTDATA("Min Temp",MonthDetails!$A$5, "Month Name", MonthDetails!$G$6) -> 12.2 | D19: =AVERAGEIF(WeatherData!G:G,MonthDetails!G6,WeatherData!J:J) -> 16.112069 | E19: =GETPIVOTDATA("Total Rainfall",MonthDetails!$A$5,"Month Name",MonthDetails!$G$6) -> 32.8 | F19: =VLOOKUP(MonthDetails!G6, MonthDetails!A4:E6, 5, FALSE) -> 18 | G19: =COUNTIFS(WeatherData!G:G,MonthDetails!G6,WeatherData!B:B, MonthDetails!J6,WeatherData!L:L,"Heatwave") -> 0

Sheet WeatherData
A1: Station Number | B1: Station Name | C1: Year | D1: Month | E1: Day | F1: Date | G1: Month Name | H1: Rainfall (mms) | I1: Max Temp (° C) | J1: Min Temp(° C) | K1: Temp Range | L1: Weather Condition
A2: 23034 | B2: =VLOOKUP( WeatherData[[#This Row],[Station Number]], 'Station Numbers'!A:B,2,FALSE) -> Adelaide Airport | C2: 2020 | D2: 1 | E2: 1 | F2: =DATE(WeatherData[[#This Row],[Year]],WeatherData[[#This Row],[Month]],WeatherData[[#This Row],[Day]]) -> 43831 | G2: =TEXT(WeatherData[[#This Row],[Date]], "mmmm") -> January | H2: 0 | I2: 23.9 | J2: 12 | K2: =I2-J2 -> 11.9 | L2: =IF(AND(I2>35, H2>20), "Heatwave + Rain", IF(I2>35, "Heatwave", IF(H2>20, "Heavy Rain", IF(I2<10, "Cold", "Normal")))) -> Normal | N2: Weather Summary by Station for the Year
A3: 23034 | B3: =VLOOKUP( WeatherData[[#This Row],[Station Number]], 'Station Numbers'!A:B,2,FALSE) -> Adelaide Airport | C3: 2020 | D3: 1 | E3: 2 | F3: =DATE(WeatherData[[#This Row],[Year]],WeatherData[[#This Row],[Month]],WeatherData[[#This Row],[Day]]) -> 43832 | G3: =TEXT(WeatherData[[#This Row],[Date]], "mmmm") -> January | H3: 0 | I3: 33.4 | J3: 13.2 | K3: =I3-J3 -> 20.2 | L3: =IF(AND(I3>35, H3>20), "Heatwave + Rain", IF(I3>35, "Heatwave", IF(H3>20, "Heavy Rain", IF(I3<10, "Cold", "Normal")))) -> Normal
A4: 23034 | B4: =VLOOKUP( WeatherData[[#This Row],[Station Number]], 'Station Numbers'!A:B,2,FALSE) -> Adelaide Airport | C4: 2020 | D4: 1 | E4: 3 | F4: =DATE(WeatherData[[#This Row],[Year]],WeatherData[[#This Row],[Month]],WeatherData[[#This Row],[Day]]) -> 43833 | G4: =TEXT(WeatherData[[#This Row],[Date]], "mmmm") -> January | H4: 0 | I4: 39.7 | J4: 19.2 | K4: =I4-J4 -> 20.5 | L4: =IF(AND(I4>35, H4>20), "Heatwave + Rain", IF(I4>35, "Heatwave", IF(H4>20, "Heavy Rain", IF(I4<10, "Cold", "Normal")))) -> Heatwave | N4: Station | O4: Avg Max Temp | P4: Avg Min Temp | Q4: Rainfall Avg | R4: Max of Rainfall
A5: 23034 | B5: =VLOOKUP( WeatherData[[#This Row],[Station Number]], 'Station Numbers'!A:B,2,FALSE) -> Adelaide Airport | C5: 2020 | D5: 1 | E5: 4 | F5: =DATE(WeatherData[[#This Row],[Year]],WeatherData[[#This Row],[Month]],WeatherData[[#This Row],[Day]]) -> 43834 | G5: =TEXT(WeatherData[[#This Row],[Date]], "mmmm") -> January | H5: 0 | I5: 25 | J5: 19.7 | K5: =I5-J5 -> 5.3 | L5: =IF(AND(I5>35, H5>20), "Heatwave + Rain", IF(I5>35, "Heatwave", IF(H5>20, "Heavy Rain", IF(I5<10, "Cold", "Normal")))) -> Normal | N5: Adelaide | O5: =SUM(AVERAGE(I2:I367)) -> 21.517213 | P5: =SUM(AVERAGE(J2:J367)) -> 11.782514 | Q5: =SUM(AVERAGE(H2:H367)) -> 1.0737705 | R5: =MAX(H2:H367) -> 29.6
A6: 23034 | B6: =VLOOKUP( WeatherData[[#This Row],[Station Number]], 'Station Numbers'!A:B,2,FALSE) -> Adelaide Airport | C6: 2020 | D6: 1 | E6: 5 | F6: =DATE(WeatherData[[#This Row],[Year]],WeatherData[[#This Row],[Month]],WeatherData[[#This Row],[Day]]) -> 43835 | G6: =TEXT(WeatherData[[#This Row],[Date]], "mmmm") -> January | H6: 4 | I6: 17.8 | J6: 11.7 | K6: =I6-J6 -> 6.1 | L6: =IF(AND(I6>35, H6>20), "Heatwave + Rain", IF(I6>35, "Heatwave", IF(H6>20, "Heavy Rain", IF(I6<10, "Cold", "Normal")))) -> Normal | N6: Melbourne | O6: =SUM(AVERAGE(I368:I734)) -> 19.856557 | P6: =SUM(AVERAGE(J368:J734)) -> 11.22623 | Q6: =SUM(AVERAGE(H368:H734)) -> 2.1497268 | R6: =MAX(H367:H734) -> 54.6
A7: 23034 | B7: =VLOOKUP( WeatherData[[#This Row],[Station Number]], 'Station Numbers'!A:B,2,FALSE) -> Adelaide Airport | C7: 2020 | D7: 1 | E7: 6 | F7: =DATE(WeatherData[[#This Row],[Year]],WeatherData[[#This Row],[Month]],WeatherData[[#This Row],[Day]]) -> 43836 | G7: =TEXT(WeatherData[[#This Row],[Date]], "mmmm") -> January | H7: 0.6 | I7: 28 | J7: 13.3 | K7: =I7-J7 -> 14.7 | L7: =IF(AND(I7>35, H7>20), "Heatwave + Rain", IF(I7>35, "Heatwave", IF(H7>20, "Heavy Rain", IF(I7<10, "Cold", "Normal")))) -> Normal
A8: 23034 | B8: =VLOOKUP( WeatherData[[#This Row],[Station Number]], 'Station Numbers'!A:B,2,FALSE) -> Adelaide Airport | C8: 2020 | D8: 1 | E8: 7 | F8: =DATE(WeatherData[[#This Row],[Year]],WeatherData[[#This Row],[Month]],WeatherData[[#This Row],[Day]]) -> 43837 | G8: =TEXT(WeatherData[[#This Row],[Date]], "mmmm") -> January | H8: 0 | I8: 31.7 | J8: 15 | K8: =I8-J8 -> 16.7 | L8: =IF(AND(I8>35, H8>20), "Heatwave + Rain", IF(I8>35, "Heatwave", IF(H8>20, "Heavy Rain", IF(I8<10, "Cold", "Normal")))) -> Normal
A9: 23034 | B9: =VLOOKUP( WeatherData[[#This Row],[Station Number]], 'Station Numbers'!A:B,2,FALSE) -> Adelaide Airport | C9: 2020 | D9: 1 | E9: 8 | F9: =DATE(WeatherData[[#This Row],[Year]],WeatherData[[#This Row],[Month]],WeatherData[[#This Row],[Day]]) -> 43838 | G9: =TEXT(WeatherData[[#This Row],[Date]], "mmmm") -> January | H9: 0 | I9: 34.1 | J9: 21.3 | K9: =I9-J9 -> 12.8 | L9: =IF(AND(I9>35, H9>20), "Heatwave + Rain", IF(I9>35, "Heatwave", IF(H9>20, "Heavy Rain", IF(I9<10, "Cold", "Normal")))) -> Normal
A10: 23034 | B10: =VLOOKUP( WeatherData[[#This Row],[Station Number]], 'Station Numbers'!A:B,2,FALSE) -> Adelaide Airport | C10: 2020 | D10: 1 | E10: 9 | F10: =DATE(WeatherData[[#This Row],[Year]],WeatherData[[#This Row],[Month]],WeatherData[[#This Row],[Day]]) -> 43839 | G10: =TEXT(WeatherData[[#This Row],[Date]], "mmmm") -> January | H10: 0 | I10: 40.7 | J10: 19.3 | K10: =I10-J10 -> 21.4 | L10: =IF(AND(I10>35, H10>20), "Heatwave + Rain", IF(I10>35, "Heatwave", IF(H10>20, "Heavy Rain", IF(I10<10, "Cold", "Normal")))) -> Heatwave
A11: 23034 | B11: =VLOOKUP( WeatherData[[#This Row],[Station Number]], 'Station Numbers'!A:B,2,FALSE) -> Adelaide Airport | C11: 2020 | D11: 1 | E11: 10 | F11: =DATE(WeatherData[[#This Row],[Year]],WeatherData[[#This Row],[Month]],WeatherData[[#This Row],[Day]]) -> 43840 | G11: =TEXT(WeatherData[[#This Row],[Date]], "mmmm") -> January | H11: 0 | I11: 22.4 | J11: 22 | K11: =I11-J11 -> 0.4 | L11: =IF(AND(I11>35, H11>20), "Heatwave + Rain", IF(I11>35, "Heatwave", IF(H11>20, "Heavy Rain", IF(I11<10, "Cold", "Normal")))) -> Normal
A12: 23034 | B12: =VLOOKUP( WeatherData[[#This Row],[Station Number]], 'Station Numbers'!A:B,2,FALSE) -> Adelaide Airport | C12: 2020 | D12: 1 | E12: 11 | F12: =DATE(WeatherData[[#This Row],[Year]],WeatherData[[#This Row],[Month]],WeatherData[[#This Row],[Day]]) -> 43841 | G12: =TEXT(WeatherData[[#This Row],[Date]], "mmmm") -> January | H12: 1.4 | I12: 23.8 | J12: 14.3 | K12: =I12-J12 -> 9.5 | L12: =IF(AND(I12>35, H12>20), "Heatwave + Rain", IF(I12>35, "Heatwave", IF(H12>20, "Heavy Rain", IF(I12<10, "Cold", "Normal")))) -> Normal
A13: 23034 | B13: =VLOOKUP( WeatherData[[#This Row],[Station Number]], 'Station Numbers'!A:B,2,FALSE) -> Adelaide Airport | C13: 2020 | D13: 1 | E13: 12 | F13: =DATE(WeatherData[[#This Row],[Year]],WeatherData[[#This Row],[Month]],WeatherData[[#This Row],[Day]]) -> 43842 | G13: =TEXT(WeatherData[[#This Row],[Date]], "mmmm") -> January | H13: 0 | I13: 29.8 | J13: 13.2 | K13: =I13-J13 -> 16.6 | L13: =IF(AND(I13>35, H13>20), "Heatwave + Rain", IF(I13>35, "Heatwave", IF(H13>20, "Heavy Rain", IF(I13<10, "Cold", "Normal")))) -> Normal
A14: 23034 | B14: =VLOOKUP( WeatherData[[#This Row],[Station Number]], 'Station Numbers'!A:B,2,FALSE) -> Adelaide Airport | C14: 2020 | D14: 1 | E14: 13 | F14: =DATE(WeatherData[[#This Row],[Year]],WeatherData[[#This Row],[Month]],WeatherData[[#This Row],[Day]]) -> 43843 | G14: =TEXT(WeatherData[[#This Row],[Date]], "mmmm") -> January | H14: 0 | I14: 31.7 | J14: 15.2 | K14: =I14-J14 -> 16.5 | L14: =IF(AND(I14>35, H14>20), "Heatwave + Rain", IF(I14>35, "Heatwave", IF(H14>20, "Heavy Rain", IF(I14<10, "Cold", "Normal")))) -> Normal
A15: 23034 | B15: =VLOOKUP( WeatherData[[#This Row],[Station Number]], 'Station Numbers'!A:B,2,FALSE) -> Adelaide Airport | C15: 2020 | D15: 1 | E15: 14 | F15: =DATE(WeatherData[[#This Row],[Year]],WeatherData[[#This Row],[Month]],WeatherData[[#This Row],[Day]]) -> 43844 | G15: =TEXT(WeatherData[[#This Row],[Date]], "mmmm") -> January | H15: 0 | I15: 28.4 | J15: 17.8 | K15: =I15-J15 -> 10.6 | L15: =IF(AND(I15>35, H15>20), "Heatwave + Rain", IF(I15>35, "Heatwave", IF(H15>20, "Heavy Rain", IF(I15<10, "Cold", "Normal")))) -> Normal
A16: 23034 | B16: =VLOOKUP( WeatherData[[#This Row],[Station Number]], 'Station Numbers'!A:B,2,FALSE) -> Adelaide Airport | C16: 2020 | D16: 1 | E16: 15 | F16: =DATE(WeatherData[[#This Row],[Year]],WeatherData[[#This Row],[Month]],WeatherData[[#This Row],[Day]]) -> 43845 | G16: =TEXT(WeatherData[[#This Row],[Date]], "mmmm") -> January | H16: 0 | I16: 24.7 | J16: 17.3 | K16: =I16-J16 -> 7.4 | L16: =IF(AND(I16>35, H16>20), "Heatwave + Rain", IF(I16>35, "Heatwave", IF(H16>20, "Heavy Rain", IF(I16<10, "Cold", "Normal")))) -> Normal
A17: 23034 | B17: =VLOOKUP( WeatherData[[#This Row],[Station Number]], 'Station Numbers'!A:B,2,FALSE) -> Adelaide Airport | C17: 2020 | D17: 1 | E17: 16 | F17: =DATE(WeatherData[[#This Row],[Year]],WeatherData[[#This Row],[Month]],WeatherData[[#This Row],[Day]]) -> 43846 | G17: =TEXT(WeatherData[[#This Row],[Date]], "mmmm") -> January | H17: 0 | I17: 24.1 | J17: 16 | K17: =I17-J17 -> 8.1 | L17: =IF(AND(I17>35, H17>20), "Heatwave + Rain", IF(I17>35, "Heatwave", IF(H17>20, "Heavy Rain", IF(I17<10, "Cold", "Normal")))) -> Normal
A18: 23034 | B18: =VLOOKUP( WeatherData[[#This Row],[Station Number]], 'Station Numbers'!A:B,2,FALSE) -> Adelaide Airport | C18: 2020 | D18: 1 | E18: 17 | F18: =DATE(WeatherData[[#This Row],[Year]],WeatherData[[#This Row],[Month]],WeatherData[[#This Row],[Day]]) -> 43847 | G18: =TEXT(WeatherData[[#This Row],[Date]], "mmmm") -> January | H18: 0 | I18: 23.9 | J18: 12.9 | K18: =I18-J18 -> 11 | L18: =IF(AND(I18>35, H18>20), "Heatwave + Rain", IF(I18>35, "Heatwave", IF(H18>20, "Heavy Rain", IF(I18<10, "Cold", "Normal")))) -> Normal
... A733: 86338 | B733: =VLOOKUP( WeatherData[[#This Row],[Station Number]], 'Station Numbers'!A:B,2,FALSE) -> Melbourne (Olympic Park) | C733: 2020 | D733: 12 | E733: 31 | F733: =DATE(WeatherData[[#This Row],[Year]],WeatherData[[#This Row],[Month]],WeatherData[[#This Row],[Day]]) -> 44196 | G733: =TEXT(WeatherData[[#This Row],[Date]], "mmmm") -> December | H733: 0 | I733: 21.2 | J733: 15.5 | K733: =I733-J733 -> 5.7 | L733: =IF(AND(I733>35, H733>20), "Heatwave + Rain", IF(I733>35, "Heatwave", IF(H733>20, "Heavy Rain", IF(I733<10, "Cold", "Normal")))) -> Normal

Sheet Station Numbers
A1: Station Number | B1: Location
A2: 86338 | B2: Melbourne (Olympic Park)
A3: 23034 | B3: Adelaide Airport

Sheet HelperPivot
A3: Month
A4: February
A5: Grand Total

Sheet PivotStation
A3: Row Labels
A4: Adelaide Airport
A5: Grand Total

Sheet MonthDetails
A4: Month | B4: Max Temp | C4: Min Temp | D4: Total Rainfall | E4: Max Temp Range
A5: February | B5: 33 | C5: 12.2 | D5: 32.8 | E5: 18
A6: Grand Total | B6: 33 | C6: 12.2 | D6: 32.8 | E6: 18 | G6: =HelperPivot!A4 -> February | J6: =PivotStation!A4 -> Adelaide Airport

Sheet Daily Summary
A4: Date | B4: AvgTemp Range | C4: Sum of Rainfall (mms)2
A5: 1-Feb | B5: 0.8 | C5: 29.6
A6: Feb | B6: 0.8 | C6: 29.6
A7: 2-Feb | B7: 5.1 | C7: 1.6
A8: Feb | B8: 5.1 | C8: 1.6
A9: 3-Feb | B9: 7 | C9: 0
A10: Feb | B10: 7 | C10: 0
A11: 4-Feb | B11: 13.3 | C11: 0
A12: Feb | B12: 13.3 | C12: 0
A13: 5-Feb | B13: 13.6 | C13: 0
A14: Feb | B14: 13.6 | C14: 0
A15: 6-Feb | B15: 17.4 | C15: 0
A16: Feb | B16: 17.4 | C16: 0
... A63: Grand Total | B63: 9.237931 | C63: 32.8
